{
  "version": "1.0",
  "timestamp": "2025-11-11T04:23:47.521Z",
  "pointOrder": 3,
  "navPoints": [
    {
      "x": 3.5745403607428976,
      "y": 0.4627433091833289,
      "order": 0,
      "ptzPose": {
        "position": {
          "x": 3.5816025373642004,
          "y": 0.4765251815659567,
          "z": 0.18174711510129576
        },
        "orientation": {
          "x": -0.05061844930950046,
          "y": -0.19662835166211853,
          "z": -0.27028178547615056,
          "w": 0.9411284823826997
        }
      },
      "zoomValue": 16
    },
    {
      "x": -1.4615648453631556,
      "y": 0.03386381108555003,
      "order": 2,
      "ptzPose": {
        "position": {
          "x": -1.456262076534144,
          "y": 0.012433921880086185,
          "z": 0.1991595027804119
        },
        "orientation": {
          "x": -0.05678172107200266,
          "y": -0.19328715694634993,
          "z": -0.2975085735361127,
          "w": 0.9332226742767267
        }
      },
      "zoomValue": 16
    }
  ],
  "patrolPoints": [
    {
      "x": 0.7331590921352245,
      "y": 0.14347337780254088,
      "yaw": -3.1389953842144966,
      "order": 1,
      "ptzPose": {
        "position": {
          "x": 0.7327286439953573,
          "y": 0.14463341945018016,
          "z": 0.192100305570497
        },
        "orientation": {
          "x": -0.07235218863766084,
          "y": -0.18819131490924637,
          "z": -0.3774067300073437,
          "w": 0.9038325895525305
        }
      },
      "zoomValue": 16
    }
  ],
  "summary": {
    "navPointsCount": 2,
    "patrolPointsCount": 1,
    "totalPoints": 3
  }
}